qid,raw_query,tokens,oov,n_relevant,P@10,R@10,rank_first_relevant,top10_docs,top10_scores,top10_relevant_flag
1,what similarity laws must be obeyed when constructing aeroelastic models of heated high speed aircraft .,similar law must obey construct aeroelast model heat high speed aircraft .,,29,0.500,0.172,1,51;359;746;12;56;944;879;878;573;486,0.275;0.1962;0.1903;0.1758;0.1619;0.1527;0.1514;0.1481;0.1439;0.1363,1;0;0;1;1;0;1;0;0;1
2,what are the structural and aeroelastic problems associated with flight of high speed aircraft .,structur aeroelast problem associ flight high speed aircraft .,,25,0.400,0.160,1,12;51;746;884;100;1169;253;14;862;875,0.4294;0.3288;0.3107;0.2134;0.2071;0.205;0.1864;0.1726;0.1672;0.163,1;1;1;0;0;0;0;1;0;0
3,what problems of heat conduction in composite slabs have been solved so far .,problem heat conduct composit slab solv far .,,9,0.800,0.889,1,485;5;90;144;91;399;582;181;6;579,0.5803;0.4509;0.3731;0.3644;0.3271;0.2917;0.29;0.2271;0.194;0.1454,1;1;1;1;1;1;0;1;1;0
4,can a criterion be developed to show empirically the validity of flow solutions for chemically reacting gas mixtures based on the simplifying assumption of instantaneous local chemical equilibrium .,criterion develop show empir valid flow solut chemic react ga mixtur base simplifi assumpt instantan local chemic equilibrium .,,3,0.200,0.667,1,166;488;410;1275;1061;167;1189;1374;185;355,0.2602;0.2365;0.2141;0.2069;0.2022;0.1873;0.1769;0.1748;0.1622;0.1549,1;1;0;0;0;0;0;0;0;0
5,what chemical kinetic system is applicable to hypersonic aerodynamic problems .,chemic kinet system applic hyperson aerodynam problem .,,5,0.200,0.400,5,103;1032;410;943;552;401;367;1374;368;1158,0.262;0.2032;0.1916;0.177;0.1634;0.161;0.154;0.1461;0.1365;0.1322,0;0;0;0;1;1;0;0;0;0
6,what theoretical and experimental guides do we have as to turbulent couette flow behaviour .,theoret experiment guid turbul couett flow behaviour .,,5,0.300,0.600,1,491;386;1273;1282;883;257;385;151;99;406,0.2654;0.2011;0.1656;0.1592;0.1523;0.1427;0.1407;0.1306;0.1271;0.1222,1;0;0;0;0;1;0;0;1;0
7,is it possible to relate the available pressure distributions for an ogive forebody at zero angle of attack to the lower surface pressures of an equivalent ogive forebody at angle of attack .,possibl relat avail pressur distribut ogiv forebodi zero angl attack lower surfac pressur equival ogiv forebodi angl attack .,,6,0.300,0.500,1,492;434;233;57;1040;124;56;1231;232;1115,0.6453;0.3255;0.2756;0.2706;0.2559;0.2304;0.2277;0.1921;0.18;0.1657,1;0;0;1;0;0;1;0;0;0
8,what methods -dash exact or approximate -dash are presently available for predicting body pressures at angle of attack.,method -dash exact approxim -dash present avail predict bodi pressur angl attack .,,12,0.300,0.250,2,1083;492;443;122;1231;69;248;1307;354;1115,0.2781;0.2345;0.1663;0.1659;0.1388;0.1246;0.1234;0.1183;0.1136;0.1127,0;1;0;1;0;0;0;0;1;0
9,papers on internal /slip flow/ heat transfer studies .,paper intern /slip flow/ heat transfer studi .,/slip,4,0.000,0.000,37,102;45;846;763;398;5;554;145;983;838,0.2122;0.1689;0.1655;0.1558;0.1487;0.1375;0.1188;0.1158;0.1105;0.1104,0;0;0;0;0;0;0;0;0;0
10,are real-gas transport properties for air available over a wide range of enthalpies and densities .,real-ga transport properti air avail wide rang enthalpi densiti .,,9,0.300,0.333,1,493;302;949;1199;524;1009;1098;405;616;691,0.3305;0.2997;0.2557;0.1828;0.1813;0.1795;0.1679;0.1602;0.1512;0.1473,1;1;0;0;0;0;0;1;0;0
11,"is it possible to find an analytical,  similar solution of the strong blast wave problem in the newtonian approximation .","possibl find analyt , similar solut strong blast wave problem newtonian approxim .",,8,0.200,0.250,1,495;556;654;738;1327;1356;557;1186;472;273,0.5574;0.3162;0.2113;0.1991;0.1944;0.1925;0.1881;0.1823;0.1746;0.1693,1;0;1;0;0;0;0;0;0;0
12,how can the aerodynamic performance of channel flow ground effect machines be calculated .,aerodynam perform channel flow ground effect machin calcul .,,6,0.100,0.167,10,941;1221;270;1223;966;631;245;1094;704;624,0.4328;0.2603;0.244;0.2326;0.2228;0.1986;0.1985;0.1979;0.1949;0.1936,0;0;0;0;0;0;0;0;0;1
13,what is the basic mechanism of the transonic aileron buzz .,basic mechan transon aileron buzz .,,5,0.100,0.200,1,496;903;643;199;313;1268;38;801;660;468,0.6094;0.2424;0.2264;0.1958;0.1527;0.1249;0.1246;0.1167;0.1162;0.116,1;0;0;0;0;0;0;0;0;0
14,papers on shock-sound wave interaction .,paper shock-sound wave interact .,shock-sound,3,0.100,0.333,6,170;1364;256;798;345;64;335;291;973;540,0.4424;0.3424;0.3379;0.3361;0.3035;0.2991;0.2937;0.2476;0.2457;0.2368,0;0;0;0;0;1;0;0;0;0
15,material properties of photoelastic materials .,materi properti photoelast materi .,,3,0.200,0.667,1,462;1097;761;866;1117;1025;1099;553;463;1096,0.3257;0.2043;0.2042;0.179;0.1619;0.1594;0.1544;0.1538;0.1503;0.1444,1;0;0;0;0;0;0;0;1;0
16,can the transverse potential flow about a body of revolution be calculated efficiently by an electronic computer .,transvers potenti flow bodi revolut calcul effici electron comput .,,4,0.200,0.500,1,498;106;1328;248;231;1255;814;1301;494;447,0.4005;0.3112;0.2575;0.2184;0.218;0.2149;0.1983;0.1827;0.167;0.1656,1;1;0;0;0;0;0;0;0;0
17,can the three-dimensional problem of a transverse potential flow about a body of revolution be reduced to a two-dimensional problem .,three-dimension problem transvers potenti flow bodi revolut reduc two-dimension problem .,,3,0.200,0.667,1,106;498;1281;1301;1108;700;336;814;445;410,0.342;0.2947;0.2714;0.2649;0.2554;0.2275;0.2258;0.2045;0.2034;0.1956,1;1;0;0;0;0;0;0;0;0
18,are experimental pressure distributions on bodies of revolution at angle of attack available .,experiment pressur distribut bodi revolut angl attack avail .,,4,0.200,0.500,3,492;248;498;197;122;1231;106;1301;354;231,0.4418;0.3984;0.3665;0.3066;0.2745;0.2705;0.2636;0.2581;0.248;0.246,0;0;1;1;0;0;0;0;0;0
19,does there exist a good basic treatment of the dynamics of re-entry combining consideration of realistic effects with relative simplicity of results .,doe exist good basic treatment dynam re-entri combin consider realist effect rel simplic result .,,10,0.000,0.000,16,554;803;303;842;660;82;706;286;1242;987,0.1429;0.1185;0.1175;0.1017;0.1005;0.0955;0.0928;0.0921;0.0881;0.0868,0;0;0;0;0;0;0;0;0;0
20,"has anyone formally determined the influence of joule heating,  produced by the induced current,  in magnetohydrodynamic free convection flows under general conditions .","ha anyon formal determin influenc joul heat , produc induc current , magnetohydrodynam free convect flow gener condit .",anyon,10,0.600,0.600,1,500;407;270;450;87;300;408;584;104;120,0.488;0.178;0.1649;0.1628;0.1543;0.1491;0.1472;0.1439;0.1369;0.1351,1;1;1;0;1;0;1;0;1;0
21,why does the compressibility transformation fail to correlate the high speed data for helium and air .,whi doe compress transform fail correl high speed data helium air .,,5,0.200,0.400,1,502;68;16;628;17;460;421;1007;377;686,0.2276;0.1997;0.1793;0.1626;0.1602;0.151;0.1486;0.1428;0.1411;0.1295,1;0;1;0;0;0;0;0;0;0
22,did anyone else discover that the turbulent skin friction is not over sensitive to the nature of the variation of the viscosity with temperature .,anyon els discov turbul skin friction sensit natur variat viscos temperatur .,anyon els,2,0.000,0.000,970,254;125;207;560;120;140;346;153;413;1147,0.2543;0.2512;0.2155;0.2088;0.203;0.1976;0.1955;0.1863;0.1787;0.1699,0;0;0;0;0;0;0;0;0;0
23,what progress has been made in research on unsteady aerodynamics .,progress ha made research unsteadi aerodynam .,,33,0.600,0.182,1,892;899;1109;1259;586;903;902;777;116;530,0.3288;0.3051;0.2415;0.2032;0.1767;0.1752;0.1551;0.1493;0.1483;0.1427,1;1;1;1;0;1;1;0;0;0
24,what are the factors which influence the time required to invert large structural matrices .,factor influenc time requir invert larg structur matric .,,4,0.300,0.750,1,46;756;612;833;12;47;1034;51;834;1361,0.3272;0.2966;0.2199;0.1535;0.1518;0.1508;0.1501;0.1141;0.1081;0.1063,1;1;0;0;0;1;0;0;0;0
25,does a practical flow follow the theoretical concepts for the interaction between adjacent blade rows of a supersonic cascade .,doe practic flow follow theoret concept interact adjac blade row superson cascad .,,10,0.500,0.500,1,277;214;772;990;215;987;216;213;170;540,0.4131;0.3575;0.2335;0.2185;0.2099;0.1919;0.1653;0.1482;0.1467;0.1444,1;1;0;0;1;0;1;1;0;0
26,what is a single approximate formula for the displacement thickness of a laminar boundary layer in compressible flow on a flat plate .,singl approxim formula displac thick laminar boundari layer compress flow flat plate .,,7,0.300,0.429,3,382;307;145;4;568;348;736;611;1076;389,0.4239;0.3457;0.3453;0.2791;0.2703;0.2639;0.2592;0.25;0.231;0.2276,0;0;1;0;0;0;0;1;1;0
27,how is the design of ring or part ring wings by linear theory affected by thickness .,design ring part ring wing linear theori affect thick .,,4,0.200,0.500,3,1031;1293;512;1176;1035;224;279;680;886;1132,0.4136;0.2391;0.2329;0.2167;0.2036;0.192;0.1562;0.1523;0.1406;0.1265,0;0;1;0;0;1;0;0;0;0
28,what application has the linear theory design of curved wings .,applic ha linear theori design curv wing .,,3,0.000,0.000,141,1051;762;1050;920;470;680;921;698;683;247,0.2544;0.2177;0.2041;0.2038;0.1966;0.193;0.1885;0.1768;0.1722;0.1678,0;0;0;0;0;0;0;0;0;0
29,what is the effect of cross sectional shape on the flow over simple delta wings with sharp leading edges .,effect cross section shape flow simpl delta wing sharp lead edg .,,10,0.300,0.300,1,465;250;420;900;612;683;222;211;601;200,0.4631;0.4035;0.3919;0.3368;0.2927;0.2854;0.2792;0.2674;0.2603;0.25,1;1;0;0;1;0;0;0;0;0
30,papers on flow visualization on slender conical wings .,paper flow visual slender conic wing .,,8,0.100,0.125,6,602;633;1058;1070;683;513;222;688;19;601,0.2413;0.2169;0.1909;0.1878;0.185;0.1813;0.179;0.1541;0.1514;0.1469,0;0;0;0;0;1;0;0;0;0
31,what size of end plate can be safely used to simulate two-dimensional flow conditions over a bluff cylindrical body of finite aspect ratio .,size end plate safe use simul two-dimension flow condit bluff cylindr bodi finit aspect ratio .,,2,0.100,0.500,1,751;68;247;918;551;1153;228;1082;916;845,0.3573;0.1817;0.1321;0.1299;0.1244;0.1237;0.1208;0.1161;0.1149;0.1112,1;0;0;0;0;0;0;0;0;0
32,to find an approximate correction for thickness in slender thin-wing theory .,find approxim correct thick slender thin-w theori .,,7,0.100,0.143,1,752;738;382;1259;491;242;802;714;192;530,0.715;0.1924;0.1885;0.1502;0.1478;0.1206;0.1204;0.1186;0.1161;0.1142,1;0;0;0;0;0;0;0;0;0
33,how do interference-free longitudinal stability measurements (made using free-flight models) compare with similar measurements made in a low-blockage wind tunnel .,interference-fre longitudin stabil measur ( made use free-flight model ) compar similar measur made low-blockag wind tunnel .,interference-fre low-blockag,4,0.300,0.750,1,516;431;141;594;1155;598;808;1153;713;791,0.3645;0.3383;0.3237;0.2973;0.2383;0.229;0.2132;0.1989;0.1967;0.1896,1;1;1;0;0;0;0;0;0;0
34,have wind tunnel interference effects been investigated on a systematic basis .,wind tunnel interfer effect investig systemat basi .,,7,0.500,0.714,3,610;1153;516;431;252;594;795;672;799;280,0.3343;0.3309;0.2665;0.2553;0.2427;0.2388;0.2212;0.2176;0.2069;0.1962,0;0;1;1;1;0;0;1;1;0
35,are there any papers dealing with acoustic wave propagation in reacting gases .,ani paper deal acoust wave propag react gase .,,4,0.000,0.000,25,724;1244;1208;1203;75;65;1276;488;654;151,0.2523;0.2422;0.2148;0.1772;0.1745;0.1522;0.1497;0.1448;0.1371;0.137,0;0;0;0;0;0;0;0;0;0
36,has anyone investigated relaxation effects on gaseous heat transfer to a suddenly heated wall .,ha anyon investig relax effect gaseou heat transfer suddenli heat wall .,anyon,3,0.100,0.333,1,168;281;398;123;666;554;120;145;623;559,0.2008;0.1928;0.1822;0.1809;0.1698;0.1567;0.1496;0.148;0.144;0.1401,1;0;0;0;0;0;0;0;0;0
37,are there any theoretical methods for predicting base pressure .,ani theoret method predict base pressur .,,10,0.300,0.300,6,186;176;196;179;1311;519;234;188;173;189,0.2205;0.2143;0.2079;0.19;0.1895;0.1851;0.1784;0.1731;0.171;0.1692,0;0;0;0;0;1;0;1;1;0
38,does transition in the hypersonic wake depend on body geometry and size,doe transit hyperson wake depend bodi geometri size,,11,0.200,0.182,1,536;1141;976;295;1264;272;154;1368;294;186,0.2483;0.2363;0.2282;0.2144;0.213;0.1872;0.1843;0.1832;0.1764;0.1667,1;0;0;0;0;1;0;0;0;0
39,how can one detect transition phenomena in boundary layers .,one detect transit phenomena boundari layer .,,14,0.200,0.143,2,37;272;1205;295;1264;346;9;1278;315;418,0.2475;0.2475;0.224;0.2065;0.1964;0.1837;0.1787;0.1725;0.1655;0.1602,0;1;0;0;0;0;0;0;0;1
40,how can one detect transition phenomena in hypersonic wakes .,one detect transit phenomena hyperson wake .,,13,0.300,0.231,1,536;37;1141;272;295;1205;976;1368;1196;154,0.282;0.2762;0.2378;0.2109;0.2046;0.1988;0.1986;0.1844;0.1638;0.1614,1;0;0;1;0;0;1;0;0;0
41,has anyone investigated and developed a simple model for the vortex wake behind a cruciform wing .,ha anyon investig develop simpl model vortex wake behind cruciform wing .,anyon,4,0.300,0.750,1,289;433;927;1141;432;229;1152;288;126;1277,0.5795;0.4028;0.3201;0.2998;0.2925;0.2756;0.2649;0.2527;0.2398;0.2247,1;1;0;0;0;0;0;1;0;0
42,what is a criterion that the transonic flow around an airfoil with a round leading edge be validly analyzed by the linearized transonic flow theory .,criterion transon flow around airfoil round lead edg validli analyz linear transon flow theori .,validli,6,0.400,0.667,1,521;526;503;440;467;469;468;496;801;312,0.4721;0.4009;0.341;0.3265;0.2927;0.2863;0.2806;0.2631;0.2401;0.2232,1;0;0;0;1;1;1;0;0;0
43,can the transonic flow around an arbitrary smooth thin airfoil be analysed in a simple approximate way .,transon flow around arbitrari smooth thin airfoil analys simpl approxim way .,,7,0.500,0.714,1,467;194;469;503;440;404;39;526;496;468,0.2884;0.2692;0.2518;0.2502;0.2072;0.2071;0.2052;0.1974;0.1926;0.1875,1;0;1;1;0;0;1;0;0;1
44,what are the details of the rigorous kinetic theory of gases . (chapman-enskog theory) .,detail rigor kinet theori gase . ( chapman-enskog theori ) .,,4,0.000,0.000,781,1190;583;862;1148;1031;1314;103;385;541;410,0.1797;0.136;0.1271;0.1213;0.1203;0.1039;0.1035;0.1031;0.0855;0.0837,0;0;0;0;0;0;0;0;0;0
45,has anyone investigated the effect of surface mass transfer on hypersonic viscous interactions .,ha anyon investig effect surfac mass transfer hyperson viscou interact .,anyon,13,0.400,0.308,1,305;540;525;1185;123;84;310;170;37;570,0.4284;0.4265;0.3779;0.3202;0.2958;0.2755;0.2577;0.2509;0.2454;0.2372,1;0;1;1;0;0;0;0;0;1
46,what is the combined effect of surface heat and mass transfer on hypersonic flow .,combin effect surfac heat mass transfer hyperson flow .,,16,0.600,0.375,1,1185;123;525;84;803;655;37;623;305;120,0.3913;0.3614;0.3571;0.3112;0.277;0.2677;0.2661;0.2555;0.2511;0.2197,1;1;1;1;0;0;0;1;1;0
47,what are the existing solutions for hypersonic viscous interactions over an insulated flat plate .,exist solut hyperson viscou interact insul flat plate .,,15,0.500,0.333,2,568;305;525;540;570;310;1200;304;170;1076,0.5256;0.3666;0.3378;0.3123;0.3031;0.2905;0.2653;0.2622;0.2426;0.2277,0;1;1;0;1;1;0;1;0;0
48,what controls leading-edge attachment at transonic speeds .,control leading-edg attach transon speed .,,12,0.300,0.250,1,526;1228;797;334;440;26;638;368;801;609,0.5221;0.3196;0.3168;0.2508;0.2421;0.2057;0.2029;0.1959;0.1908;0.1861,1;0;1;0;1;0;0;0;0;0
49,"can the three-point boundary-value problem for the blasius equation be integrated numerically,  using suitable transformations,  without iteration on the boundary conditions .","three-point boundary-valu problem blasiu equat integr numer , use suitabl transform , without iter boundari condit .",,3,0.200,0.667,1,527;320;321;322;349;1087;832;476;1370;537,0.6056;0.4241;0.3776;0.3371;0.2606;0.2313;0.231;0.2151;0.1887;0.1872,1;1;0;0;0;0;0;0;0;0
50,what are the effects of small amounts of gas rarefaction on the characteristics of the boundary layers on slender bodies of revolution .,effect small amount ga rarefact characterist boundari layer slender bodi revolut .,,7,0.100,0.143,9,192;1301;494;1259;248;498;1112;273;326;337,0.223;0.2174;0.1808;0.1788;0.1768;0.1761;0.1755;0.1733;0.1725;0.158,0;0;0;0;0;0;0;0;1;0
51,what is the available information pertaining to boundary layers on very slender bodies of revolution in continuum flow (the ?transverse curvature  effect) .,avail inform pertain boundari layer veri slender bodi revolut continuum flow ( ? transvers curvatur effect ) .,,11,0.500,0.455,2,385;494;326;386;147;1301;94;23;523;192,0.2797;0.2596;0.2226;0.2131;0.1914;0.1798;0.1733;0.1701;0.1481;0.1465,0;1;1;0;0;0;1;1;0;1
52,what is the available information pertaining to the effect of slight rarefaction on boundary layer flows (the ?slip? effect) .,avail inform pertain effect slight rarefact boundari layer flow ( ? slip ? effect ) .,,5,0.500,1.000,4,385;386;147;326;21;1215;22;306;528;629,0.421;0.3108;0.2365;0.1782;0.1412;0.1411;0.1364;0.1319;0.1148;0.0917,0;0;0;1;1;0;1;1;1;0
53,"what investigations have been made of the flow field about a body moving through a rarefied,  partially ionized gas in the presence of a magneticfield .","investig made flow field bodi move rarefi , partial ioniz ga presenc magneticfield .",magneticfield,11,0.300,0.273,1,208;1139;437;1297;298;1221;1073;22;978;447,0.3503;0.177;0.1709;0.1609;0.1559;0.1533;0.1462;0.143;0.1363;0.1263,1;0;0;0;1;0;0;0;0;1
54,how is the heat transfer downstream of the mass transfer region effected by mass transfer at the nose of a blunted cone .,heat transfer downstream mass transfer region effect mass transfer nose blunt cone .,,10,0.200,0.200,1,123;1185;84;525;666;559;784;623;44;554,0.5105;0.4072;0.375;0.3358;0.3143;0.2597;0.2595;0.259;0.2476;0.2457,1;0;1;0;0;0;0;0;0;0
55,to what extent can the available information for incompressible boundary layers be applied to problems involving compressible boundary layers .,extent avail inform incompress boundari layer appli problem involv compress boundari layer .,,11,0.200,0.182,1,376;4;460;251;798;1301;3;1214;17;1383,0.289;0.2632;0.247;0.2395;0.2093;0.1937;0.1891;0.1867;0.1863;0.1839,1;0;1;0;0;0;0;0;0;0
56,to what extent can readily available steady-state aerodynamic data be utilized to predict lifting-surface flutter characteristics .,extent readili avail steady-st aerodynam data util predict lifting-surfac flutter characterist .,,11,0.300,0.273,1,753;878;202;783;391;14;1290;1331;593;1339,0.3218;0.2089;0.1847;0.1752;0.174;0.1625;0.161;0.1599;0.1525;0.1472,1;0;0;0;0;1;0;0;0;1
57,what are the significant steady and non-steady flow characteristics which affect the flutter mechanism .,signific steadi non-steadi flow characterist affect flutter mechan .,,15,0.300,0.200,3,916;878;593;202;753;391;747;1111;15;1290,0.2624;0.2212;0.1837;0.1835;0.1835;0.1735;0.1692;0.1638;0.1619;0.1619,0;0;1;0;1;0;0;0;1;0
58,"is it possible to determine rates of forced convective heat transfer from heated cylinders of non-circular cross-section,  (the fluid flow being along the generators) .","possibl determin rate forc convect heat transfer heat cylind non-circular cross-sect , ( fluid flow along gener ) .",non-circular,10,0.200,0.200,1,788;963;120;270;398;786;300;407;873;962,0.3201;0.3096;0.3092;0.2635;0.2353;0.2327;0.2322;0.232;0.2309;0.2245,1;0;0;0;0;1;0;0;0;0
59,how much is known about boundary layer flows along non-circular cylinders .,much known boundari layer flow along non-circular cylind .,non-circular,5,0.200,0.400,1,786;382;1046;23;912;785;381;393;659;1045,0.253;0.2281;0.2232;0.2048;0.2048;0.2024;0.1917;0.1856;0.1809;0.1761,1;0;0;0;0;1;0;0;0;0
60,"is there any simple, but practical, method for numerical integration of the mixing problem (i.e. the blasius problem with three-point boundary conditions) .","ani simpl , practic , method numer integr mix problem ( i.e . blasiu problem three-point boundari condit ) .",,6,0.400,0.667,1,527;320;322;321;107;476;350;11;243;960,0.5651;0.4403;0.3445;0.3421;0.2062;0.206;0.2017;0.1755;0.1577;0.1569,1;1;1;0;0;1;0;0;0;0
61,does there exist a closed-form expression for the local heat transfer around a yawed cylinder .,doe exist closed-form express local heat transfer around yaw cylind .,,6,0.400,0.667,1,564;333;1213;566;539;565;435;1309;784;754,0.3371;0.313;0.309;0.305;0.2776;0.2145;0.2041;0.1801;0.1585;0.1489,1;0;0;1;1;1;0;0;0;0
62,"how far around a cylinder and under what conditions of flow, if any, is the velocity just outside of the boundary layer a linear function of the distance around the cylinder .","far around cylind condit flow , ani , veloc outsid boundari layer linear function distanc around cylind .",,6,0.000,0.000,16,483;785;787;1046;659;381;533;1383;382;459,0.2837;0.2522;0.2354;0.2315;0.2176;0.2163;0.2081;0.2038;0.2034;0.201,0;0;0;0;0;0;0;0;0;0
63,where can i find pressure data on surfaces of swept cylinders .,find pressur data surfac swept cylind .,,4,0.000,0.000,35,738;678;843;1045;491;1046;204;839;420;891,0.2704;0.2631;0.2431;0.2403;0.2216;0.2033;0.1896;0.188;0.1734;0.1691,0;0;0;0;0;0;0;0;0;0
64,"can't the static deflection shapes be used in predicting flutter in place of vibrational shapes . if so,  can we provide a justification by means of an example .","ca n't static deflect shape use predict flutter place vibrat shape . , provid justif mean exampl .",ca,3,0.200,0.667,2,52;390;878;593;834;719;391;202;15;914,0.1766;0.1719;0.1703;0.157;0.151;0.149;0.1474;0.1469;0.1396;0.1394,0;1;0;0;0;0;1;0;0;0
65,does the boundary layer on a flat plate in a shear flow induce a pressure gradient .,doe boundari layer flat plate shear flow induc pressur gradient .,,16,0.600,0.375,1,3;388;393;4;664;180;569;389;1382;1370,0.494;0.405;0.3617;0.3323;0.3155;0.2839;0.2731;0.2571;0.2547;0.2389,1;1;1;1;1;1;0;0;0;0
66,can the procedure of matching inner and outer solutions for a viscous flow problem be applied when the main stream is a shear flow .,procedur match inner outer solut viscou flow problem appli main stream shear flow .,,6,0.200,0.333,4,128;1182;305;664;191;1251;590;310;1206;629,0.3602;0.2479;0.2241;0.2184;0.2182;0.2008;0.1963;0.1765;0.1765;0.1618,0;0;0;1;0;0;0;0;0;1
67,can series expansions be found for the boundary layer on a flat plate in a shear flow .,seri expans found boundari layer flat plate shear flow .,,15,0.700,0.467,1,393;3;4;664;180;389;149;128;458;1107,0.4051;0.4002;0.3722;0.3446;0.318;0.2879;0.2792;0.2558;0.2528;0.2412,1;1;1;1;1;1;0;1;0;0
68,what possible techniques are available for computing the injection distribution corresponding to an isothermal transpiration cooled hemisphere .,possibl techniqu avail comput inject distribut correspond isotherm transpir cool hemispher .,,6,0.200,0.333,1,628;343;662;480;125;1237;974;364;365;254,0.3935;0.2872;0.2394;0.2085;0.2007;0.1981;0.1967;0.1935;0.1897;0.1812,1;0;1;0;0;0;0;0;0;0
69,what is known regarding asymptotic solutions to the exact boundary layer equations .,known regard asymptot solut exact boundari layer equat .,,6,0.100,0.167,5,264;664;1383;1138;540;105;310;365;256;306,0.2279;0.1861;0.1838;0.1777;0.1676;0.166;0.1567;0.1513;0.1513;0.1508,0;0;0;0;1;0;0;0;0;0
70,previous solutions to the boundary layer similarity equations .,previou solut boundari layer similar equat .,,11,0.100,0.091,1,540;1149;320;180;300;435;4;349;1383;192,0.3231;0.3203;0.2559;0.2557;0.2523;0.2169;0.2071;0.1998;0.1952;0.1943,1;0;0;0;0;0;0;0;0;0
71,experimental results on hypersonic viscous interaction .,experiment result hyperson viscou interact .,,9,0.100,0.111,1,540;305;170;570;310;573;537;1253;26;134,0.4702;0.408;0.3416;0.324;0.3126;0.3087;0.2795;0.2517;0.2462;0.2397,1;0;0;0;0;0;0;0;0;0
72,"what has been done about viscous interactions in relatively low reynolds number flows, particularly at high mach numbers .","ha done viscou interact rel low reynold number flow , particularli high mach number .",,18,0.200,0.111,6,540;170;666;1078;310;305;315;1360;570;238,0.2135;0.1862;0.1795;0.173;0.169;0.1679;0.1634;0.1633;0.1553;0.1545,0;0;0;0;0;1;0;0;1;0
73,what role does the effect of chemical reaction (particularly when out of equilibrium) play in the similitude laws governing hypersonic flows over slender aerodynamic bodies .,role doe effect chemic reaction ( particularli equilibrium ) play similitud law govern hyperson flow slender aerodynam bodi .,,21,0.600,0.286,1,332;573;541;572;359;410;552;401;577;517,0.3818;0.3475;0.2573;0.1899;0.1822;0.1808;0.1803;0.1803;0.1686;0.1647,1;1;1;1;0;0;0;1;1;0
74,how significant is the possible pressure of a dissociated free stream with respect to the realization of hypersonic simulation in high enthalpy wind tunnels .,signific possibl pressur dissoci free stream respect realiz hyperson simul high enthalpi wind tunnel .,,7,0.200,0.286,6,625;1153;68;876;26;656;1295;317;1155;1161,0.2546;0.2545;0.2475;0.241;0.2289;0.2123;0.2052;0.1654;0.1623;0.1584,0;0;0;0;0;1;0;1;0;0
75,do the discrepancies among current analyses of the vorticity effect on stagnation-point heat transfer result primarily from the differences in the viscosity-temperature law assumed .,discrep among current analys vortic effect stagnation-point heat transfer result primarili differ viscosity-temperatur law assum .,,6,0.000,0.000,12,565;1146;629;180;951;396;902;306;584;501,0.171;0.1625;0.1366;0.1295;0.1267;0.1237;0.123;0.1229;0.1216;0.1196,0;0;0;0;0;0;0;0;0;0
76,how far can one trust the linear viscosity-temperature solution assumed in some of the analyses of hypersonic shock layer at low reynolds number .,far one trust linear viscosity-temperatur solut assum analys hyperson shock layer low reynold number .,trust,8,0.300,0.375,2,565;666;630;1076;537;50;667;1394;668;238,0.2647;0.212;0.2005;0.1538;0.1521;0.1466;0.1464;0.1442;0.139;0.1389,0;1;1;0;0;0;1;0;0;0
77,how close is the comparison of the shock layer theory with existing experiments in the low reynolds number (merged-layer) regime .,close comparison shock layer theori exist experi low reynold number ( merged-lay ) regim .,merged-lay,7,0.500,0.714,1,667;1391;1264;329;345;170;668;504;630;1149,0.2966;0.2803;0.2631;0.2416;0.2188;0.2141;0.2094;0.1943;0.1902;0.1821,1;1;0;1;0;0;1;0;1;0
78,has anyone explained the kink in the surge line of a multi-stage axial compressor .,ha anyon explain kink surg line multi-stag axial compressor .,anyon,4,0.300,0.750,1,589;543;216;237;578;138;592;591;214;590,0.3217;0.2679;0.2128;0.1933;0.1759;0.1675;0.1606;0.1363;0.1349;0.1322,1;1;0;0;0;0;0;0;0;1
79,have any aerodynamic derivatives been measured at hypersonic mach numbers and comparison been made with theoretical work .,ani aerodynam deriv measur hyperson mach number comparison made theoret work .,,6,0.100,0.167,5,196;567;19;199;544;1310;1066;56;360;556,0.221;0.2148;0.2113;0.209;0.2023;0.1713;0.1648;0.1638;0.1627;0.1609,0;0;0;0;1;0;0;0;0;0
80,are methods of measuring aerodynamic derivatives available which could be adopted for use in short running time facilities .,method measur aerodynam deriv avail could adopt use short run time facil .,,5,0.100,0.200,1,544;604;546;875;602;879;301;878;917;107,0.2376;0.1943;0.185;0.1298;0.1188;0.1083;0.1047;0.1044;0.1033;0.1011,1;0;0;0;0;0;0;0;0;0
81,what are wind-tunnel corrections for a two-dimensional aerofoil mounted off-centre in a tunnel .,wind-tunnel correct two-dimension aerofoil mount off-centr tunnel .,off-centr,3,0.300,1.000,5,249;652;714;206;799;203;672;631;676;468,0.2562;0.2553;0.2496;0.2437;0.2258;0.2106;0.1916;0.177;0.1692;0.1507,0;0;0;0;1;0;1;1;0;0
82,how do kuchemann's and multhopp's methods for calculating lift distributions on swept wings in subsonic flow compare with each other and with experiment .,kuchemann 's multhopp 's method calcul lift distribut swept wing subson flow compar experi .,multhopp,6,0.200,0.333,1,678;1334;676;1339;420;698;699;465;853;1337,0.2996;0.2131;0.2023;0.1887;0.1737;0.1683;0.1564;0.1559;0.1497;0.1425,1;0;1;0;0;0;0;0;0;0
83,what is the present state of the theory of quasi-conical flows .,present state theori quasi-con flow .,,5,0.100,0.200,1,680;1275;1053;1060;286;24;385;335;509;855,0.258;0.1231;0.1224;0.0799;0.0776;0.0757;0.0637;0.0604;0.0596;0.0591,1;0;0;0;0;0;0;0;0;0
84,references on the methods available for accurately estimating aerodynamic heat transfer to conical bodies for both laminar and turbulent flow .,refer method avail accur estim aerodynam heat transfer conic bodi laminar turbul flow .,,12,0.200,0.167,1,294;21;522;398;19;688;554;378;1070;872,0.2652;0.2544;0.2363;0.2217;0.2147;0.2109;0.2075;0.1987;0.1984;0.1934,1;0;1;0;0;0;0;0;0;0
85,what parameters can seriously influence natural transition from laminar to turbulent flow on a model in a wind tunnel .,paramet serious influenc natur transit laminar turbul flow model wind tunnel .,,5,0.000,0.000,41,294;1155;418;1153;272;315;594;522;876;207,0.2269;0.2104;0.2021;0.1881;0.1833;0.1811;0.1756;0.1722;0.1666;0.1644,0;0;0;0;0;0;0;0;0;0
86,can a satisfactory experimental technique be developed for measuring oscillatory derivatives on slender sting-mounted models in supersonic wind tunnels .,satisfactori experiment techniqu develop measur oscillatori deriv slender sting-mount model superson wind tunnel .,,3,0.300,1.000,1,594;755;716;1155;790;1153;1272;431;598;516,0.4814;0.4487;0.2101;0.206;0.1951;0.174;0.1672;0.1665;0.1633;0.1622,1;1;0;0;1;0;0;0;0;0
87,"what effect has the boundary layer in modifying the basic inviscid flow behind the shock, neglecting effects of leading edge and corner .","effect ha boundari layer modifi basic inviscid flow behind shock , neglect effect lead edg corner .",,9,0.100,0.111,1,547;439;1250;134;1267;903;610;667;167;569,0.2245;0.2089;0.1917;0.181;0.1787;0.1747;0.1727;0.1717;0.163;0.1621,1;0;0;0;0;0;0;0;0;0
88,how does a satellite orbit contract under the action of air drag in an atmosphere in which the scale height varies with altitude .,doe satellit orbit contract action air drag atmospher scale height vari altitud .,,7,0.700,1.000,1,613;548;615;616;622;614;618;617;619;162,0.4491;0.3564;0.3519;0.341;0.3393;0.3061;0.3035;0.2972;0.2717;0.2231,1;1;1;1;0;1;1;1;0;0
89,how is the flow at transonic speeds about a delta wing different from that on a closely-related tapered sweptback wing .,flow transon speed delta wing differ closely-rel taper sweptback wing .,closely-rel,7,0.200,0.286,7,632;52;699;200;879;250;793;420;465;464,0.3036;0.2706;0.2703;0.2697;0.2665;0.2628;0.2566;0.2471;0.2285;0.2235,0;0;0;0;0;0;1;1;0;0
90,recent data on shock-induced boundary-layer separation .,recent data shock-induc boundary-lay separ .,,14,0.300,0.214,2,265;311;1187;187;996;457;959;415;1239;793,0.3728;0.2465;0.2145;0.1737;0.1621;0.1569;0.1457;0.1407;0.1406;0.1378,0;1;1;0;0;0;0;0;0;1
91,what interference effects are likely at transonic speeds .,interfer effect like transon speed .,,10,0.400,0.400,2,610;252;526;799;924;801;1062;468;672;1075,0.3669;0.2543;0.2265;0.2189;0.2127;0.2046;0.2003;0.1986;0.1963;0.1934,0;1;0;1;0;1;0;0;1;0
92,"given complete freedom in the design of an airplane,  what procedure would be used in order to minimize sonic boom intensity,  and is there a limit to the degree of minimizing that can be accomplished .","given complet freedom design airplan , procedur would use order minim sonic boom intens , limit degre minim accomplish .",,14,0.700,0.500,1,810;1247;806;804;1331;1252;1243;808;805;683,0.2771;0.2361;0.2175;0.2011;0.1798;0.1751;0.1621;0.1482;0.1445;0.1398,1;1;1;1;0;0;1;1;1;0
93,"can methane-air combustion product be used as a hypersonic test medium and predict, within experimental accuracies, the results obtained in air .","methane-air combust product use hyperson test medium predict , within experiment accuraci , result obtain air .",,2,0.200,1.000,1,635;691;1072;144;1314;1241;68;1336;232;461,0.6214;0.2973;0.1994;0.1869;0.1781;0.1632;0.1469;0.1355;0.1325;0.125,1;1;0;0;0;0;0;0;0;0
94,what is the theoretical heat transfer rate at the stagnation point of a blunt body .,theoret heat transfer rate stagnat point blunt bodi .,,13,0.500,0.385,1,559;1393;1161;283;1104;983;438;537;366;365,0.5428;0.4001;0.3168;0.3167;0.3095;0.3093;0.2992;0.2894;0.2874;0.2836,1;1;1;1;1;0;0;0;0;0
95,what is the theoretical heat transfer distribution around a hemisphere .,theoret heat transfer distribut around hemispher .,,3,0.100,0.333,1,662;535;554;553;628;1104;398;123;1258;145,0.3028;0.2617;0.2127;0.2048;0.1881;0.1791;0.1744;0.172;0.1659;0.1612,1;0;0;0;0;0;0;0;0;0
96,has anyone investigated the unsteady lift distributions on finite wings in subsonic flow .,ha anyon investig unsteadi lift distribut finit wing subson flow .,anyon,14,0.400,0.286,1,698;637;899;699;892;1109;680;1259;779;465,0.4011;0.3716;0.3376;0.2771;0.2612;0.258;0.2519;0.247;0.2376;0.2291,1;1;0;1;0;0;0;0;1;0
97,what information is available for dynamic response of airplanes to gusts or blasts in the subsonic regime .,inform avail dynam respons airplan gust blast subson regim .,,11,0.200,0.182,3,1331;882;1289;495;779;781;556;783;1391;1270,0.3635;0.3274;0.2709;0.2292;0.2148;0.2144;0.1925;0.1789;0.166;0.1628,0;0;1;0;1;0;0;0;0;0
98,will forward or apex located controls be effective at low subsonic speeds and how do they compare with conventional trailing-edge flaps,forward apex locat control effect low subson speed compar convent trailing-edg flap,,6,0.100,0.167,2,673;638;1091;1163;1343;368;631;792;245;1265,0.3654;0.2786;0.1822;0.1717;0.1625;0.1501;0.1482;0.1472;0.1423;0.136,0;1;0;0;0;0;0;0;0;0
99,"given that an uncontrolled vehicle will tumble as it enters an atmosphere, is it possible to predict when and how it will stop tumbling and its subsequent motion .","given uncontrol vehicl tumbl enter atmospher , possibl predict stop tumbl subsequ motion .",stop,5,0.300,0.600,1,639;719;715;716;944;717;164;1000;1348;958,0.5447;0.3901;0.2193;0.1757;0.1395;0.1329;0.1256;0.121;0.1121;0.1048,1;1;0;0;0;1;0;0;0;0
100,what are the effects of initial imperfections on the elastic buckling of cylindrical shells under axial compression .,effect initi imperfect elast buckl cylindr shell axial compress .,,10,0.300,0.300,1,760;1122;822;1013;739;1126;1172;897;740;1017,0.5195;0.485;0.4635;0.4295;0.4053;0.4035;0.3957;0.3929;0.3554;0.3497,1;1;1;0;0;0;0;0;0;0
101,why does the incremental theory and the deformation theory of plastic stress-strain relationship differ greatly when applied to stabilityproblems .,whi doe increment theori deform theori plastic stress-strain relationship differ greatli appli stabilityproblem .,stabilityproblem,7,0.600,0.857,1,820;819;818;823;1119;825;760;817;1121;378,0.3657;0.3016;0.2956;0.2902;0.242;0.2368;0.2305;0.2262;0.1743;0.1594,1;1;1;0;0;1;1;1;0;0
102,basic dynamic characteristics of structures continuous over many spans .,basic dynam characterist structur continu mani span .,,5,0.300,0.600,1,910;287;728;1092;660;516;1001;729;286;1242,0.2515;0.1566;0.1544;0.152;0.1475;0.1312;0.128;0.1278;0.1272;0.1192,1;0;1;0;0;0;0;1;0;0
103,is the information on the buckling of sandwich sphere available .,inform buckl sandwich sphere avail .,,3,0.100,0.333,1,761;1048;720;1049;1050;770;1214;956;669;1126,0.4934;0.3349;0.321;0.2992;0.2867;0.2662;0.2578;0.2301;0.1949;0.1929,1;0;0;0;0;0;0;0;0;0
104,can the load deformation characteristics of a beam be obtained with the material being inelastic and a non uniform temperature being present .,load deform characterist beam obtain materi inelast non uniform temperatur present .,non,6,0.100,0.167,1,762;1177;644;462;910;913;1024;29;760;824,0.3258;0.3101;0.2479;0.245;0.2361;0.2186;0.2015;0.2014;0.1906;0.188,1;0;0;0;0;0;0;0;0;0
105,what is the effect of an internal liquid column on the breathing vibrations of a cylindrical shell .,effect intern liquid column breath vibrat cylindr shell .,,6,0.400,0.667,1,848;764;847;846;743;1071;953;1017;739;1067,0.4939;0.4868;0.2625;0.2266;0.1933;0.1868;0.1866;0.184;0.1745;0.1728,1;1;1;1;0;0;0;0;0;0
106,experimental techniques in shell vibration .,experiment techniqu shell vibrat .,,6,0.300,0.500,1,847;848;930;908;844;1036;764;1044;890;953,0.3326;0.3202;0.3151;0.3015;0.2834;0.2824;0.258;0.2536;0.2522;0.2497,1;0;0;0;1;0;1;0;0;0
107,in summarizing theoretical and experimental work on the behaviour of a typical aircraft structure in a noise environment is it possible to develop a design procedure .,summar theoret experiment work behaviour typic aircraft structur nois environ possibl develop design procedur .,,8,0.300,0.375,1,640;909;725;883;51;12;137;811;29;1279,0.3332;0.2537;0.2391;0.2253;0.1996;0.1892;0.1752;0.1675;0.1602;0.1597,1;1;1;0;0;0;0;0;0;0
108,what data is there on the fatigue of structures under acoustic loading .,data fatigu structur acoust load .,,8,0.600,0.750,1,75;724;726;768;884;720;883;1244;640;909,0.5571;0.5352;0.441;0.3749;0.3691;0.3541;0.3451;0.3319;0.2807;0.2758,1;1;1;0;0;1;0;0;1;1
109,panels subjected to aerodynamic heating .,panel subject aerodynam heat .,,6,0.100,0.167,9,1008;857;856;658;391;627;859;864;766;1392,0.4913;0.4777;0.4757;0.4739;0.4301;0.4248;0.4174;0.3976;0.3799;0.3651,0;0;0;0;0;0;0;0;1;0
110,can increasing the edge loading of a plate beyond the critical value for buckling change the buckling mode .,increas edg load plate beyond critic valu buckl chang buckl mode .,,5,0.100,0.200,1,862;642;957;1177;888;1013;739;1131;400;769,0.3347;0.2963;0.2804;0.2706;0.2691;0.2543;0.2462;0.2418;0.2406;0.2319,1;0;0;0;0;0;0;0;0;0
111,have the effects of an elastic edge restraint been considered in previous papers on panel flutter .,effect elast edg restraint consid previou paper panel flutter .,,8,0.400,0.500,1,894;856;1008;857;766;391;1131;859;864;658,0.4748;0.4455;0.4153;0.4001;0.3748;0.3729;0.3703;0.3352;0.3237;0.322,1;0;0;0;0;1;0;0;1;1
112,"has the solution of the clamped plate problem,  in the classical theory of bending,  been reduced to two successive membrane boundary value problems .","ha solut clamp plate problem , classic theori bend , reduc two success membran boundari valu problem .",,3,0.200,0.667,1,641;730;955;1045;735;733;736;840;647;734,0.5807;0.4344;0.3562;0.3515;0.2958;0.2888;0.2629;0.2538;0.2156;0.2116,1;1;0;0;0;0;0;0;0;0
113,what data exists on oscillatory aerodynamic forces on control surfaces at transonic mach numbers .,data exist oscillatori aerodynam forc control surfac transon mach number .,,5,0.200,0.400,4,716;1272;594;265;801;638;815;467;368;748,0.294;0.2289;0.2167;0.209;0.2015;0.199;0.1926;0.188;0.1793;0.1778,0;0;0;1;0;0;0;0;0;1
114,"it is not likely that the airforces on a wing of general planform oscillating in transonic flow can be determined by purely analytical methods . is it possible to determine the airforces on a single particular planform, such as the rectangular one by such method .","like airforc wing gener planform oscil transon flow determin pure analyt method . possibl determin airforc singl particular planform , rectangular one method .",,5,0.200,0.400,1,895;712;1290;919;1289;632;676;1266;757;465,0.5102;0.2318;0.144;0.1248;0.1224;0.1212;0.1204;0.1177;0.1125;0.1113,1;0;0;1;0;0;0;0;0;0
115,is the problem of similarity for representative investigations of aeroelastic effects in heated flow as intractable as previous investigations imply .,problem similar repres investig aeroelast effect heat flow intract previou investig impli .,,5,0.000,0.000,19,746;422;540;12;320;875;14;284;102;435,0.1805;0.1709;0.1213;0.104;0.101;0.0981;0.0975;0.0854;0.0789;0.0779,0;0;0;0;0;0;0;0;0;0
116,what is the magnitude and distribution of lift over the cone and the cylindrical portion of a cone-cylinder configuration .,magnitud distribut lift cone cylindr portion cone-cylind configur .,,6,0.000,0.000,12,801;48;186;225;1106;1038;522;1303;1074;1062,0.2973;0.1982;0.1763;0.1759;0.1647;0.1596;0.1507;0.1437;0.1362;0.1309,0;0;0;0;0;0;0;0;0;0
117,is there any information on how the addition of a /boat-tail/ affects the normal force on the body of various angles of incidence .,ani inform addit /boat-tail/ affect normal forc bodi variou angl incid .,/boat-tail/,3,0.000,0.000,18,196;1304;925;122;1285;927;440;203;492;1328,0.2746;0.2078;0.1885;0.188;0.168;0.1643;0.1613;0.1493;0.1408;0.1399,0;0;0;0;0;0;0;0;0;0
118,what are the aerodynamic interference effects on the fin lift and body lift of a fin-body combination .,aerodynam interfer effect fin lift bodi lift fin-bodi combin .,fin-bodi,4,0.200,0.500,8,246;520;803;610;811;1239;360;924;923;701,0.5271;0.2955;0.2947;0.2868;0.2618;0.2574;0.2544;0.2296;0.221;0.2172,0;0;0;0;0;0;0;1;1;0
119,what is the effect of initial axisymmetric deviations from circularity on the non linear (large-deflection) load-deflection response of cylinders under hydrostatic pressure .,effect initi axisymmetr deviat circular non linear ( large-deflect ) load-deflect respons cylind hydrostat pressur .,non,2,0.200,1.000,6,928;781;1116;938;1331;897;1133;1068;926;1070,0.2059;0.1614;0.1573;0.1571;0.1524;0.1512;0.1445;0.1398;0.1396;0.1381,0;0;0;0;0;1;0;0;1;0
120,are previous analyses of circumferential thermal buckling of circular cylindrical shells unnecessarily involved or even inaccurate due to the assumed forms of buckling mode .,previou analys circumferenti thermal buckl circular cylindr shell unnecessarili involv even inaccur due assum form buckl mode .,unnecessarili,10,0.700,0.700,1,769;887;1146;739;890;897;885;888;741;886,0.4145;0.3961;0.3075;0.2736;0.2602;0.2589;0.2573;0.2497;0.2449;0.2346,1;1;1;0;1;0;1;1;0;1
121,what papers are there dealing with circumferential buckling either thermal buckling or due to mechanical loading .,paper deal circumferenti buckl either thermal buckl due mechan load .,,8,0.500,0.625,1,1146;887;888;769;31;1178;1177;885;957;739,0.4198;0.3603;0.3438;0.3381;0.2735;0.2686;0.2606;0.2512;0.2366;0.2359,1;1;1;1;0;0;0;1;0;0
122,what analytical investigations have been made of the stability of conical shells . how do the results compare with experiment .,analyt investig made stabil conic shell . result compar experi .,,10,0.400,0.400,2,1070;898;930;938;1071;1059;934;1058;931;1171,0.4529;0.4125;0.3562;0.2743;0.2515;0.2497;0.2478;0.2401;0.2343;0.227,0;1;0;1;0;0;1;0;1;0
123,has any work been done on determining the nature of compressible viscous flow in a straight channel .,ha ani work done determin natur compress viscou flow straight channel .,,3,0.200,0.667,1,941;1221;1360;270;112;966;34;775;491;1222,0.4411;0.2626;0.2344;0.2145;0.2002;0.1591;0.1534;0.1446;0.1377;0.1359,1;0;0;0;0;1;0;0;0;0
124,"in what areas, other than low density wind tunnel flows, is viscous compressible flow in slender channels a problem . what analytical investigations have been made of the stability of conical shells . how do the results compare with experiment .","area , low densiti wind tunnel flow , viscou compress flow slender channel problem . analyt investig made stabil conic shell . result compar experi .",,5,0.100,0.200,1,941;1070;898;930;270;1221;934;938;1171;1153,0.4837;0.2736;0.241;0.214;0.1898;0.1887;0.1869;0.1861;0.1769;0.1712,1;0;0;0;0;0;0;0;0;0
125,jet interference with supersonic flow  -dash experimental papers .,jet interfer superson flow -dash experiment paper .,,18,0.200,0.111,1,997;610;1083;176;1195;993;519;695;1352;245,0.3354;0.3147;0.2699;0.2654;0.2581;0.243;0.2201;0.2157;0.2143;0.1989,1;0;0;1;0;0;0;0;0;0
126,thrust vector control by fluid injection -dash papers .,thrust vector control fluid inject -dash paper .,,9,0.200,0.222,2,1288;974;1095;1326;1083;1265;397;1237;628;125,0.3271;0.316;0.3116;0.2886;0.2651;0.2488;0.2324;0.2214;0.2068;0.2058,0;1;0;1;0;0;0;0;0;0
127,is it possible to obtain a reasonably simple analytical solution to the heat equation for an exponential (in time) heat input .,possibl obtain reason simpl analyt solut heat equat exponenti ( time ) heat input .,,6,0.200,0.333,5,5;6;158;869;981;75;587;395;944;294,0.3215;0.2772;0.2251;0.2085;0.1926;0.1784;0.1713;0.1433;0.1431;0.1366,0;0;0;0;1;0;0;0;1;0
128,has anyone programmed a pump design method for a high-speed digital computer .,ha anyon program pump design method high-spe digit comput .,anyon,3,0.100,0.333,1,945;1063;988;745;92;248;1219;1087;111;989,0.4958;0.2893;0.2473;0.2136;0.2037;0.1959;0.1729;0.1484;0.1354;0.1255,1;0;0;0;0;0;0;0;0;0
129,has anyone derived simplified pump design equation from the fundamental three-dimensional equations for incompressible nonviscous flow .,ha anyon deriv simplifi pump design equat fundament three-dimension equat incompress nonvisc flow .,anyon,8,0.500,0.625,1,945;988;989;987;1281;36;1220;3;507;985,0.4253;0.3875;0.1948;0.1858;0.1453;0.1324;0.1321;0.1139;0.1104;0.1036,1;1;1;1;0;0;0;0;0;1
130,what are the flutter characteristics of the exposed skin panels of the x-15 vertical stabilizer when subjected to aerodynamic heating .,flutter characterist expos skin panel x-15 vertic stabil subject aerodynam heat .,,6,0.500,0.833,1,948;859;766;856;391;1008;857;858;658;864,0.4333;0.4163;0.3685;0.3415;0.3359;0.3295;0.2878;0.2727;0.2712;0.2503,1;1;1;0;0;1;0;1;0;0
131,what agreement is found between theoretically predicted instability times and experimentally measured collapse times for compressed columns in creep .,agreement found theoret predict instabl time experiment measur collaps time compress column creep .,,9,0.300,0.333,5,1021;1023;1025;1026;950;952;1012;1015;1024;1017,0.5273;0.501;0.4236;0.4226;0.3901;0.3844;0.3722;0.3449;0.3395;0.3292,0;0;0;0;1;0;1;0;0;1
132,theoretical studies of creep buckling .,theoret studi creep buckl .,,16,0.800,0.500,1,1026;1013;1015;1021;1023;1028;1014;951;1017;1012,0.5443;0.5061;0.504;0.4779;0.4765;0.4504;0.4314;0.415;0.3733;0.3618,1;1;1;0;1;0;1;1;1;1
133,experimental studies of creep buckling .,experiment studi creep buckl .,,8,0.100,0.125,9,1026;1013;1015;1023;1028;1014;951;1021;1012;1029,0.5569;0.5178;0.5156;0.4875;0.4679;0.4413;0.4408;0.4067;0.3701;0.3551,0;0;0;0;0;0;0;0;1;0
134,is it possible to correlate the results on the creep buckling of widely different structures within the framework of a single theory .,possibl correl result creep buckl wide differ structur within framework singl theori .,,3,0.200,0.667,1,951;1015;1026;1028;1013;1023;1014;1012;1021;1024,0.3228;0.3002;0.2801;0.2793;0.2681;0.2511;0.2424;0.2423;0.2123;0.184,1;0;0;1;0;0;0;0;0;0
135,what are the experimental results for the creep buckling of columns .,experiment result creep buckl column .,,9,0.500,0.556,1,1026;1023;1017;1015;1012;1029;951;1013;1024;1014,0.7444;0.6125;0.6065;0.5903;0.5566;0.5486;0.547;0.5459;0.4978;0.4769,1;1;1;0;0;0;1;0;1;0
136,what are the results for the creep buckling of round tubes under external pressure .,result creep buckl round tube extern pressur .,,4,0.200,0.500,1,951;1026;1013;1015;1021;1023;1028;1033;1014;521,0.365;0.3524;0.3293;0.3263;0.3127;0.3085;0.2927;0.2915;0.2822;0.281,1;0;0;0;1;0;0;0;0;0
137,have any analytical studies been conducted on the time-to-failure mechanism associated with creep collapse for a long circular cylindrical shell which exhibits both primary and secondary creep as well as elastic deformations under various distributed force systems .,ani analyt studi conduct time-to-failur mechan associ creep collaps long circular cylindr shell exhibit primari secondari creep well elast deform variou distribut forc system .,time-to-failur,5,0.300,0.600,1,952;1023;1026;1021;1028;1015;1024;1034;1014;1013,0.5125;0.4105;0.4035;0.3805;0.2893;0.286;0.2681;0.25;0.2405;0.2383,1;0;0;1;0;0;0;1;0;0
138,"has the effect of initial stresses,  on the frequencies of vibration of circular cylindrical shells,  been investigated .","ha effect initi stress , frequenc vibrat circular cylindr shell , investig .",,3,0.200,0.667,2,847;953;844;848;897;846;887;764;889;1068,0.4696;0.4564;0.3758;0.3708;0.3647;0.3439;0.3178;0.3054;0.293;0.2912,0;1;0;0;0;1;0;0;0;0
139,"has the effect of the change of initial pressure due to deformation,  on the frequencies of vibration of circular cylindrical shells been investigated .","ha effect chang initi pressur due deform , frequenc vibrat circular cylindr shell investig .",,5,0.100,0.200,6,847;897;844;826;848;953;846;887;764;1068,0.4118;0.3724;0.3382;0.3338;0.3266;0.3235;0.3115;0.2975;0.2651;0.2449,0;0;0;0;0;1;0;0;0;0
140,what are the discontinuity stresses at junctions in pressurized structures .,discontinu stress junction pressur structur .,,7,0.300,0.429,1,954;922;887;1038;146;890;1039;870;729;726,0.5122;0.2701;0.2281;0.2144;0.2026;0.2014;0.1857;0.1628;0.1493;0.1456,1;0;0;1;0;0;1;0;0;0
141,what analytical solutions are available for stresses in edge-loaded shells of revolution .,analyt solut avail stress edge-load shell revolut .,,7,0.300,0.429,1,1038;930;1043;890;889;887;1044;826;885;953,0.2461;0.2186;0.1901;0.188;0.1727;0.169;0.1655;0.1616;0.1612;0.1565,1;0;1;0;0;0;1;0;0;0
142,what dome contours minimize discontinuity stresses when used as closures on cylindrical pressure vessels .,dome contour minim discontinu stress use closur cylindr pressur vessel .,,2,0.100,0.500,2,827;954;887;922;1134;1135;1136;1009;1125;885,0.305;0.286;0.1517;0.1398;0.1327;0.1325;0.1292;0.122;0.1172;0.1099,0;1;0;0;0;0;0;0;0;0
143,what general solutions for the stresses in pressurized shells of revolution are available .,gener solut stress pressur shell revolut avail .,,3,0.200,0.667,2,930;1043;890;889;826;1044;887;953;1071;1129,0.3923;0.3379;0.3091;0.284;0.2833;0.2822;0.2779;0.2726;0.2715;0.2679,0;1;0;0;0;1;0;0;0;0
144,can studies of pure membrane cylinders having no wall bending stiffness but maintaining their shape by virtue of internal pressure provide any insight into the behaviour of pressurized cylinders with finite wall stiffness .,studi pure membran cylind wall bend stiff maintain shape virtu intern pressur provid ani insight behaviour pressur cylind finit wall stiff .,virtu,7,0.600,0.857,1,1045;955;763;1340;839;840;838;1126;1046;1363,0.3589;0.3031;0.2621;0.2324;0.2198;0.2035;0.1944;0.1895;0.1859;0.1772,1;1;1;0;1;1;1;0;0;0
145,what are the best experimental data and classical small deflection theory analyses available for pressurized cylinders in bending .,best experiment data classic small deflect theori analys avail pressur cylind bend .,,8,0.400,0.500,1,1045;839;763;1046;838;1051;1126;1121;1176;1024,0.2982;0.2355;0.2077;0.2045;0.1893;0.1864;0.1843;0.1811;0.1778;0.1761,1;1;1;0;1;0;0;0;0;0
146,does a membrane theory exist by which the behaviour of pressurized membrane cylinders in bending can be predicted .,doe membran theori exist behaviour pressur membran cylind bend predict .,,3,0.300,1.000,1,1045;955;840;641;854;730;1175;763;839;1046,0.5877;0.574;0.3921;0.3557;0.3075;0.2653;0.2025;0.1599;0.1565;0.1385,1;1;1;0;0;0;0;0;0;0
147,what are the equations which define the stability of simply supported corrugated core sandwich cylinders .,equat defin stabil simpli support corrug core sandwich cylind .,,11,0.500,0.455,1,956;1049;1050;1128;1358;1171;720;1172;1048;843,0.6241;0.4786;0.3553;0.2651;0.2514;0.2388;0.2315;0.2212;0.2131;0.2092,1;1;1;0;0;0;0;0;1;1
148,papers on small deflection theory for buckling of sandwich cylinders .,paper small deflect theori buckl sandwich cylind .,,7,0.400,0.571,1,1048;956;1050;720;761;1049;1126;888;642;928,0.4876;0.4192;0.4007;0.3724;0.3538;0.3375;0.3375;0.2924;0.2578;0.2251,1;1;1;0;0;1;0;0;0;0
149,has anyone developed an analysis which accurately establishes the large deflection behaviour of conical shells .,ha anyon develop analysi accur establish larg deflect behaviour conic shell .,anyon,12,0.300,0.250,1,930;1070;1058;926;1044;1068;1059;898;1361;633,0.3942;0.3397;0.2621;0.22;0.2085;0.2065;0.2029;0.1955;0.187;0.1764,1;0;1;0;0;0;1;0;0;0
150,what is the magnitude of second-order wing-body interference at high supersonic mach number .,magnitud second-ord wing-bodi interfer high superson mach number .,,3,0.300,1.000,1,1062;1074;1075;1243;610;1259;432;923;803;1202,0.5869;0.555;0.4675;0.3676;0.2977;0.2822;0.2734;0.2536;0.2507;0.2379,1;1;1;0;0;0;0;0;0;0
151,what is the best theoretical method for calculating pressure on the surface of a wing alone .,best theoret method calcul pressur surfac wing alon .,,6,0.000,0.000,19,433;251;678;1246;676;52;1195;101;222;247,0.1766;0.1733;0.1444;0.1375;0.1358;0.1356;0.1287;0.1271;0.1263;0.1203,0;0;0;0;0;0;0;0;0;0
152,"how can the effect of the boundary-layer on wing pressure be calculated, and what is its magnitude .","effect boundary-lay wing pressur calcul , magnitud .",,7,0.000,0.000,66,671;1225;678;336;696;333;52;794;250;699,0.2546;0.2194;0.2078;0.2033;0.1971;0.1957;0.1947;0.1879;0.1872;0.1767,0;0;0;0;0;0;0;0;0;0
153,how should the navier-stokes difference equations be solved .,navier-stok differ equat solv .,,8,0.400,0.500,1,1063;1085;1081;393;323;281;394;1082;666;266,0.4618;0.2783;0.222;0.1965;0.1586;0.1577;0.1552;0.1522;0.1467;0.1396,1;1;1;0;0;0;0;1;0;0
154,which iterative method for solving linear elliptic difference equations is most rapidly convergent .,iter method solv linear ellipt differ equat rapidli converg .,,3,0.300,1.000,2,832;1087;1088;1262;1054;1063;1108;111;1085;1086,0.547;0.39;0.3439;0.2697;0.262;0.2057;0.195;0.1931;0.1855;0.1848,0;1;1;0;0;1;0;0;0;0
155,technical report on measurement of ablation during flight .,technic report measur ablat dure flight .,,7,0.400,0.571,2,553;1099;1097;1100;1241;810;1101;1065;1098;1096,0.3753;0.3507;0.2737;0.2734;0.2098;0.198;0.1911;0.1598;0.1482;0.1379,0;1;0;1;0;0;1;1;0;0
156,what qualitative and quantitative material is available on ablation materials research .,qualit quantit materi avail ablat materi research .,,15,0.700,0.467,1,553;1097;1099;1100;1096;1098;761;1065;1117;1241,0.4406;0.4172;0.4108;0.3203;0.2754;0.2259;0.1931;0.19;0.1758;0.1717,1;1;1;1;1;1;0;1;0;0
157,have flow fields been calculated for blunt-nosed bodies and compared with experiment for a wide range of free stream conditions and body shapes .,flow field calcul blunt-nos bodi compar experi wide rang free stream condit bodi shape .,,40,0.500,0.125,1,25;160;1393;1006;1391;498;20;556;1239;122,0.2328;0.2321;0.2158;0.2078;0.205;0.1985;0.196;0.1933;0.1865;0.1845,1;1;0;1;0;0;0;1;0;1
158,what are the available properties of high-temperature air .,avail properti high-temperatur air .,,9,0.100,0.111,1,302;1269;949;1199;319;405;1263;691;355;1214,0.2759;0.1908;0.1402;0.1275;0.1251;0.1229;0.1164;0.113;0.1122;0.1064,1;0;0;0;0;0;0;0;0;0
159,what is the magnitude of aerodynamic damping in flexible vibration modes of a slender body of revolution characteristic of launch vehicles .,magnitud aerodynam damp flexibl vibrat mode slender bodi revolut characterist launch vehicl .,,9,0.200,0.222,1,1066;1197;1287;958;1321;1115;1293;1259;844;1339,0.4283;0.2667;0.2048;0.202;0.1836;0.1816;0.1757;0.1706;0.1695;0.1667,1;0;0;0;0;1;0;0;0;0
160,compressive circumferential stresses in a torispherical shell reveal the possibility of buckling under internal pressure . has anyone investigated for which ranges of shell parameters these stresses are sufficiently large to cause elastic buckling .,compress circumferenti stress torispher shell reveal possibl buckl intern pressur . ha anyon investig rang shell paramet stress suffici larg caus elast buckl .,anyon,6,0.200,0.333,1,1071;887;885;890;739;769;741;1134;1172;897,0.5844;0.3796;0.3718;0.3678;0.3206;0.3162;0.3069;0.2894;0.2872;0.2702,1;0;0;0;0;0;0;1;0;0
161,is there an integral method to give a single and sufficiently accurate method of calculating the laminar separate point for various incompressible and compressible boundary layers with zero heat transfer .,integr method give singl suffici accur method calcul laminar separ point variou incompress compress boundari layer zero heat transfer .,,7,0.300,0.429,1,1386;55;1192;460;54;145;461;959;1185;366,0.3168;0.3006;0.2827;0.269;0.2544;0.2511;0.2466;0.2415;0.234;0.2199,1;1;0;0;1;0;0;0;0;0
162,what accurate or exact solutions of the laminar separation point for various incompressible and compressible boundary layers with zero heat transfer are available .,accur exact solut laminar separ point variou incompress compress boundari layer zero heat transfer avail .,,9,0.200,0.222,3,55;559;460;959;145;1383;366;376;1182;461,0.3401;0.3114;0.3049;0.2829;0.2707;0.256;0.2518;0.2399;0.2392;0.2339,0;0;1;0;0;0;0;0;0;1
163,can the hypersonic similarity results be applied to the technique of predicting surface pressures of an ogive forebody at angle of attack .,hyperson similar result appli techniqu predict surfac pressur ogiv forebodi angl attack .,,4,0.300,0.750,1,492;434;57;56;233;232;1040;1231;124;373,0.5788;0.3008;0.2954;0.2733;0.2655;0.2502;0.2385;0.23;0.2298;0.2241,1;0;1;1;0;0;0;0;0;0
164,what determines the onset of shock-induced boundary-layer separation .,determin onset shock-induc boundary-lay separ .,,9,0.400,0.444,1,311;265;316;415;1187;503;187;996;457;1287,0.2981;0.287;0.2359;0.2199;0.1741;0.1533;0.1511;0.1507;0.1365;0.1298,1;0;1;1;0;1;0;0;0;0
165,are the stable profiles of a compressible boundary layer induced by a moving wave known .,stabl profil compress boundari layer induc move wave known .,,3,0.200,0.667,1,504;71;1276;978;335;417;569;64;1076;943,0.2681;0.2001;0.1929;0.1774;0.1746;0.172;0.1701;0.167;0.1658;0.1614,1;1;0;0;0;0;0;0;0;0
166,are there experimental results on the stability of a compressible boundary layer induced by a moving wave .,experiment result stabil compress boundari layer induc move wave .,,9,0.100,0.111,1,504;1276;71;1171;569;55;1302;256;663;64,0.3481;0.2469;0.2122;0.2076;0.2042;0.2036;0.2015;0.1972;0.1934;0.1926,1;0;0;0;0;0;0;0;0;0
167,exact solution methods for calculating the ablative mass loss of a material ablating at high temperatures in a hypersonic flight environment .,exact solut method calcul abl mass loss materi ablat high temperatur hyperson flight environ .,,3,0.100,0.333,10,553;1099;1279;1097;1100;1241;1096;1098;877;274,0.3698;0.3096;0.2926;0.2844;0.2615;0.2208;0.1669;0.161;0.1489;0.146,0;0;0;0;0;0;0;0;0;1
168,"what approximate solutions are known to the direct problem of transonic flow in the throat of a nozzle,  i.e. finding the flow in a given nozzle .","approxim solut known direct problem transon flow throat nozzl , i.e . find flow given nozzl .",,3,0.200,0.667,1,750;965;217;341;136;1187;118;970;127;221,0.4835;0.3524;0.307;0.2801;0.2783;0.274;0.2512;0.2342;0.2301;0.218,1;0;1;0;0;0;0;0;0;0
169,"what approximate solutions are known to the indirect problem of transonic flow in the throat of a nozzle,  i.e. finding a nozzle which has a given axial velocity distribution .","approxim solut known indirect problem transon flow throat nozzl , i.e . find nozzl ha given axial veloc distribut .",,5,0.200,0.400,1,750;965;217;341;136;118;1187;127;970;213,0.4378;0.3076;0.2858;0.254;0.2398;0.2396;0.2335;0.2236;0.2179;0.1945,1;0;0;0;0;1;0;0;0;0
170,"why do users of orthodox pitot-static tubes often find that the calibrations appear to be,. - (a) significantly different from those formerly specified,  (b) wildly variable at low reynolds numbers .","whi user orthodox pitot-stat tube often find calibr appear , . - ( ) significantli differ formerli specifi , ( b ) wildli variabl low reynold number .",orthodox formerli wildli,7,0.500,0.714,1,893;238;905;239;904;223;139;738;1082;175,0.299;0.2735;0.2122;0.2059;0.1995;0.1448;0.1361;0.1223;0.12;0.1112,1;1;0;1;1;0;1;0;0;0
171,has a comparison been made between interference-free drag measurements using free-flight models and similar measurements made in a low-blockage wind tunnel .,ha comparison made interference-fre drag measur use free-flight model similar measur made low-blockag wind tunnel .,interference-fre low-blockag,4,0.300,0.750,1,431;594;516;141;1155;598;1153;904;876;755,0.4175;0.3199;0.3198;0.2976;0.2876;0.2171;0.2141;0.2023;0.202;0.1924,1;0;1;1;0;0;0;0;0;0
172,solution of the blasius problem with three-point boundary conditions .,solut blasiu problem three-point boundari condit .,,5,0.500,1.000,1,527;320;322;321;476;1370;1235;107;1251;23,0.7843;0.6395;0.4566;0.3872;0.2925;0.1991;0.1736;0.1614;0.1482;0.1358,1;1;1;1;1;0;0;0;0;0
173,references on lyapunov's method on the stability of linear differential equations with periodic coefficients .,refer lyapunov 's method stabil linear differenti equat period coeffici .,,3,0.300,1.000,1,532;367;451;703;917;470;1073;538;21;55,0.491;0.312;0.1803;0.1455;0.1433;0.1189;0.1158;0.1099;0.1055;0.1029,1;1;1;0;0;0;0;0;0;0
174,obtain all papers and reports that contain shock detachment distance data .,obtain paper report contain shock detach distanc data .,,6,0.200,0.333,4,483;1319;1274;411;1157;1390;523;482;35;1151,0.5465;0.3425;0.3303;0.3198;0.2958;0.2674;0.2486;0.2408;0.2399;0.2371,0;0;0;1;0;0;0;1;0;0
175,work on flow in channels at low reynolds numbers .,work flow channel low reynold number .,,6,0.200,0.333,1,941;1221;270;112;34;491;1222;238;966;139,0.6036;0.3815;0.3278;0.2548;0.2419;0.2409;0.2177;0.2169;0.2165;0.2037,1;0;0;0;0;0;0;0;1;0
176,some approximate analytical heat conduction solutions using methods other than biot's principle .,approxim analyt heat conduct solut use method biot 's principl .,,8,0.100,0.125,2,963;542;869;5;153;30;497;1221;395;853,0.4374;0.4012;0.2072;0.1829;0.1547;0.1432;0.1417;0.1377;0.1211;0.1211,0;1;0;0;0;0;0;0;0;0
177,what mode of stalling can be expected for each stage of an axial compressor .,mode stall expect stage axial compressor .,,6,0.600,1.000,1,589;588;576;590;543;216;592;138;444;772,0.6424;0.5164;0.4316;0.4251;0.4079;0.3211;0.3144;0.2906;0.2366;0.2341,1;1;0;1;1;0;1;0;0;1
178,has a criterion been established for determining the axial compressor choking line .,ha criterion establish determin axial compressor choke line .,,5,0.400,0.800,2,216;589;543;138;1153;592;1155;591;214;590,0.2915;0.2812;0.2533;0.2295;0.2251;0.2201;0.2049;0.1867;0.1848;0.1811,0;1;1;0;0;0;0;1;0;1
179,"has a theory of quasi-conical flows been developed, in supersonic linearised theory, for which the upwash distribution on the lifting surface, apart from being a homogeneous function in the co-ordinate, is permitted to have a quite general functional form .","ha theori quasi-con flow develop , superson linearis theori , upwash distribut lift surfac , apart homogen function co-ordin , permit quit gener function form .",,5,0.300,0.600,1,680;633;227;682;918;854;701;1164;1080;1330,0.216;0.2097;0.1864;0.1536;0.1425;0.133;0.1117;0.1095;0.1063;0.105,1;1;0;1;0;0;0;0;0;0
180,how does scale height vary with altitude in an atmosphere .,doe scale height vari altitud atmospher .,,8,0.400,0.500,1,548;622;314;616;218;1103;617;882;806;401,0.3087;0.2719;0.2506;0.2438;0.1947;0.1613;0.1522;0.1468;0.1443;0.1414,1;1;0;1;0;0;1;0;0;0
181,jet interference with supersonic flows theoretical papers .,jet interfer superson flow theoret paper .,,6,0.100,0.167,1,997;610;176;1195;993;695;519;1062;1352;131,0.4901;0.4723;0.3683;0.3633;0.3472;0.3082;0.3059;0.3048;0.303;0.2792,1;0;0;0;0;0;0;0;0;0
182,effects of leading-edge bluntness on the flutter characteristics of some square-planform double-wedge airfoils at mach numbers less than 15.4.,effect leading-edg blunt flutter characterist square-planform double-wedg airfoil mach number less 15.4 .,,3,0.300,1.000,1,634;685;593;686;39;878;70;334;194;1228,0.5533;0.3458;0.1917;0.186;0.1768;0.1594;0.1592;0.1388;0.1383;0.1382,1;1;0;1;0;0;0;0;0;0
183,what factors have been shown to have a primary influence on sonic boom strength .,factor shown primari influenc sonic boom strength .,,14,0.800,0.571,1,1247;1243;804;808;810;805;811;409;268;806,0.299;0.2853;0.2452;0.2267;0.2226;0.1693;0.1536;0.1434;0.1384;0.1375,1;1;1;1;1;1;1;0;0;1
184,work on small-oscillation re-entry motions .,work small-oscil re-entri motion .,small-oscil,8,0.200,0.250,2,554;716;1217;1219;978;509;639;153;813;82,0.3185;0.2014;0.1677;0.1613;0.1582;0.1553;0.1535;0.1477;0.1404;0.1317,0;1;0;0;0;0;1;0;0;0
185,experimental studies on panel flutter .,experiment studi panel flutter .,,10,0.600,0.600,1,856;1008;857;766;391;859;858;864;658;627,0.7772;0.699;0.6565;0.6478;0.6378;0.5708;0.5566;0.5537;0.5483;0.459,1;1;1;1;0;1;1;0;0;0
186,"how can wing-body, flow field interference effects be approximated rationally .","wing-bodi , flow field interfer effect approxim ration .",,17,0.500,0.294,1,1062;1243;1075;610;1074;432;803;923;924;809,0.398;0.3641;0.3386;0.3096;0.2793;0.2704;0.2607;0.2512;0.191;0.1657,1;0;1;0;1;0;0;1;1;0
187,has anyone analytically or experimentally investigated the effects of internal pressure on the buckling of circular-cylindrical shells under bending .,ha anyon analyt experiment investig effect intern pressur buckl circular-cylindr shell bend .,anyon,7,0.300,0.429,1,763;838;1071;1171;841;839;739;887;1126;1068,0.5236;0.2843;0.2729;0.2469;0.2433;0.2431;0.2308;0.229;0.227;0.2232,1;1;0;0;0;1;0;0;0;0
188,what theoretical and experimental work has been done on the excitation and response of typical structures in a noise environment .,theoret experiment work ha done excit respons typic structur nois environ .,,12,0.400,0.333,1,725;909;722;640;781;720;1279;1360;137;1331,0.3579;0.2724;0.2502;0.244;0.1991;0.1948;0.1883;0.1823;0.1808;0.1799,1;1;1;1;0;0;0;0;0;0
189,is there a design method for calculating thermal fatigue endurances of components of various types and sizes in a variety of circumstances .,design method calcul thermal fatigu endur compon variou type size varieti circumst .,,10,0.100,0.100,1,767;768;726;883;909;640;75;884;881;1146,0.4427;0.1961;0.1833;0.1739;0.1443;0.1405;0.1333;0.1295;0.1141;0.1077,1;0;0;0;0;0;0;0;0;0
190,"will an analysis of panel flutter based on arbitrarily assumed modes of deformation prove satisfactory,  and if so,  what is the minimum number of modes that need be considered .","analysi panel flutter base arbitrarili assum mode deform prove satisfactori , , minimum number mode need consid .",,6,0.300,0.500,3,856;1008;391;857;766;627;390;859;1339;864,0.3357;0.2907;0.2826;0.2568;0.2546;0.2356;0.2356;0.2296;0.2236;0.2218,0;0;1;0;0;0;1;0;0;1
191,"what is the criterion for true panel flutter,  as opposed to small amplitude vibration arising from acoustic disturbances .","criterion true panel flutter , oppos small amplitud vibrat aris acoust disturb .",,14,0.700,0.500,1,856;1008;391;857;766;658;859;864;858;627,0.2902;0.2733;0.2539;0.2533;0.2511;0.2294;0.2272;0.2204;0.216;0.2032,1;1;1;1;0;1;0;1;1;0
192,papers dealing with uniformly loaded sectors .,paper deal uniformli load sector .,,5,0.400,0.800,1,641;734;733;735;925;647;1175;1084;875;850,0.3665;0.3155;0.2788;0.2696;0.2113;0.1871;0.1632;0.1277;0.12;0.1191,1;1;1;1;0;0;0;0;0;0
193,general methods of solving clamped plate problems .,gener method solv clamp plate problem .,,10,0.700,0.700,1,730;735;733;641;736;648;400;422;1387;1396,0.4159;0.3846;0.3722;0.3596;0.2905;0.2896;0.2744;0.2574;0.2396;0.2302,1;1;1;1;1;1;0;1;0;0
194,how can the analytical solution of the buckling strength of a uniform circular cylinder loaded in axial compression be refined so as to lower the buckling load .,analyt solut buckl strength uniform circular cylind load axial compress refin lower buckl load .,,7,0.200,0.286,1,642;888;932;957;1177;1126;769;1178;1045;741,0.5351;0.4384;0.4345;0.3316;0.3135;0.3032;0.2765;0.2706;0.2648;0.2615,1;0;0;0;0;0;0;0;0;1
195,"in the problem of the buckling strength of uniform circular cylinders loaded in axial compression,  does the linear solution help with improving the non-linear one .","problem buckl strength uniform circular cylind load axial compress , doe linear solut help improv non-linear one .",,4,0.200,0.500,1,642;932;888;1055;744;739;457;1054;1045;1126,0.4231;0.3113;0.2934;0.291;0.2262;0.2251;0.2189;0.215;0.2139;0.2128,1;0;0;0;0;1;0;0;0;0
196,the problem of similarity for representative investigation of aeroelastic effects in a flow with the absence of heating effects .,problem similar repres investig aeroelast effect flow absenc heat effect .,,13,0.300,0.231,1,746;1237;12;14;875;540;435;284;1281;1361,0.2662;0.168;0.1494;0.142;0.1357;0.1209;0.1153;0.1145;0.1131;0.111,1;0;1;0;1;0;0;0;0;0
197,how is fatigue damage estimated using the normal long-hand method .,fatigu damag estim use normal long-hand method .,long-hand,4,0.400,1.000,1,884;881;726;768;1168;909;883;723;75;767,0.5838;0.4525;0.3723;0.3627;0.3108;0.2619;0.2572;0.2342;0.2101;0.1909,1;1;0;1;0;0;1;0;0;0
198,is there any information available on the difference in the effects of various edge conditions on the buckling of cylindrical shells .,ani inform avail differ effect variou edg condit buckl cylindr shell .,,5,0.200,0.400,1,889;887;739;897;886;1068;740;743;890;1126,0.3353;0.3195;0.3146;0.2939;0.2876;0.2844;0.2843;0.2724;0.2572;0.2473,1;1;0;0;0;0;0;0;0;0
199,have non-linear large deflection analyses been conducted for shell shapes other than conical .,non-linear larg deflect analys conduct shell shape conic .,,9,0.200,0.222,4,930;1070;739;1055;1058;1294;1044;1059;898;744,0.3769;0.3504;0.2754;0.2678;0.2529;0.2414;0.2099;0.1982;0.1968;0.1873,0;0;0;1;0;0;0;0;0;1
200,"are asymptotic methods sufficiently accurate in the determination of pre-buckling stresses in torispherical shells,  or must we resort to numerical methods .","asymptot method suffici accur determin pre-buckl stress torispher shell , must resort numer method .",pre-buckl,4,0.300,0.750,1,1071;1134;1044;890;930;889;264;1043;1137;885,0.374;0.242;0.1466;0.1462;0.1451;0.1396;0.1364;0.1343;0.1336;0.1321,1;1;0;0;0;0;0;0;1;0
201,what are the nonequilibrium chemical constituents in the viscous shock layer ahead of a blunt re-entry vehicle .,nonequilibrium chemic constitu viscou shock layer ahead blunt re-entri vehicl .,,17,0.300,0.176,1,625;541;1295;410;24;1245;554;716;1297;972,0.2375;0.2011;0.2;0.1678;0.166;0.1596;0.1498;0.1476;0.1413;0.1388,1;1;1;0;0;0;0;0;0;0
202,"how accurate are existing analytical theories in estimating pressure distributions on cones at incidence,  at hypersonic speeds .","accur exist analyt theori estim pressur distribut cone incid , hyperson speed .",,15,0.600,0.400,1,1285;1310;605;1303;225;19;232;1311;48;186,0.3424;0.2201;0.2124;0.2103;0.1993;0.1989;0.197;0.197;0.1919;0.1819,1;1;1;1;0;0;1;0;1;0
203,are simple empirical methods of any use for estimating pressure distribution in cones .,simpl empir method ani use estim pressur distribut cone .,,15,0.300,0.200,2,38;1285;48;58;225;1303;1308;122;423;676,0.3412;0.2416;0.2277;0.2229;0.2202;0.2005;0.1941;0.1842;0.1726;0.1669,0;1;0;1;0;0;0;1;0;0
204,do viscous effects seriously modify pressure distributions .,viscou effect serious modifi pressur distribut .,,15,0.200,0.133,3,147;937;1311;310;305;1080;540;443;208;573,0.1971;0.148;0.1334;0.1304;0.1286;0.0989;0.0976;0.0973;0.095;0.094,0;0;1;0;0;0;1;0;0;0
205,has anyone investigated theoretically whether surface flexibility can stabilize a laminar boundary layer .,ha anyon investig theoret whether surfac flexibl stabil laminar boundari layer .,anyon,3,0.300,1.000,1,1287;1321;1197;78;55;1322;337;1323;959;73,0.3409;0.3107;0.2326;0.2101;0.2039;0.1629;0.1498;0.1405;0.1398;0.1381,1;1;0;0;0;1;0;0;0;0
206,how do subsonic and transonic flutter data measured in the new langley transonic dynamics tunnel compare with similar data obtained in other facilities .,subson transon flutter data measur new langley transon dynam tunnel compar similar data obtain facil .,,4,0.100,0.250,1,1290;879;878;876;526;468;469;801;880;503,0.4729;0.382;0.2471;0.2382;0.2369;0.2289;0.2149;0.2134;0.2098;0.201,1;0;0;0;0;0;0;0;0;0
207,how do large changes in new mass ratio quantitatively affect wing-flutter boundaries .,larg chang new mass ratio quantit affect wing-flutt boundari .,wing-flutt,6,0.000,0.000,59,458;365;1185;1154;439;84;123;525;1241;1302,0.1915;0.1871;0.162;0.1403;0.138;0.1338;0.1297;0.1282;0.1238;0.1217,0;0;0;0;0;0;0;0;0;0
208,what is the effect of the shape of the drag polar of a lifting spacecraft on the amount of reduction in maximum deceleration obtainable by continuously varying the aerodynamic coefficients during re-entry .,effect shape drag polar lift spacecraft amount reduct maximum deceler obtain continu vari aerodynam coeffici dure re-entri .,,7,0.400,0.571,1,1291;1344;566;1345;1124;698;163;1256;279;554,0.4945;0.3034;0.1736;0.1526;0.1396;0.1393;0.1391;0.1352;0.1334;0.1315,1;1;0;1;0;0;1;0;0;0
209,what are the physical significance and characteristics of separated laminar and turbulent boundary layer flows .,physic signific characterist separ laminar turbul boundari layer flow .,,13,0.300,0.231,4,959;798;996;55;187;1364;358;1383;461;240,0.3574;0.3069;0.2791;0.2438;0.2417;0.2411;0.2397;0.2331;0.2322;0.2255,0;0;0;1;1;0;0;1;0;0
210,has anyone analytically investigated the stabilizing influence of soft elastic cores on the buckling strength of cylindrical shells subjected to non-uniform external pressure .,ha anyon analyt investig stabil influenc soft elast core buckl strength cylindr shell subject non-uniform extern pressur .,anyon,7,0.300,0.429,1,1172;1171;1145;1126;956;1128;1068;887;739;743,0.5466;0.42;0.3614;0.2787;0.2333;0.2305;0.227;0.2198;0.2186;0.2169,1;1;1;0;0;0;0;0;0;0
211,what papers are available on the buckling of empty cylindrical shells under non-uniform pressure .,paper avail buckl empti cylindr shell non-uniform pressur .,empti,12,0.100,0.083,7,739;897;887;740;743;889;1068;890;886;848,0.3382;0.3224;0.3123;0.2926;0.2852;0.2799;0.2759;0.2682;0.2581;0.2487,0;0;0;0;0;0;1;0;0;0
212,what effect do thermal stresses have on the compressive buckling strength of ring-stiffened cylinders .,effect thermal stress compress buckl strength ring-stiffen cylind .,,15,0.600,0.400,1,1178;888;1176;1177;838;885;642;1146;31;1133,0.6609;0.5722;0.4621;0.4617;0.4322;0.3708;0.3674;0.3551;0.3185;0.2698,1;1;1;1;0;1;0;1;0;0
213,what is the effect on cylinder buckling of a circumferential stress system that varies in the axial direction .,effect cylind buckl circumferenti stress system vari axial direct .,,12,0.600,0.500,1,888;1146;885;769;741;1116;642;1178;887;891,0.4646;0.4297;0.4227;0.3774;0.3351;0.3305;0.2935;0.2916;0.2866;0.2713,1;1;1;1;0;0;0;1;1;0
214,can non-linear shallow shell analysis be reduced to an engineering technique by use of the matrix .,non-linear shallow shell analysi reduc engin techniqu use matrix .,,5,0.200,0.400,1,1294;1362;828;831;930;47;739;848;756;1055,0.5549;0.3981;0.3676;0.2513;0.2395;0.2177;0.2098;0.2068;0.2052;0.2,1;1;0;0;0;0;0;0;0;0
215,is it possible to predict the shape of a shroud which will allow simulation of the nose region flow field for a sphere in hypersonic flow .,possibl predict shape shroud allow simul nose region flow field sphere hyperson flow .,,3,0.100,0.333,1,535;68;1234;1253;770;25;1204;357;44;666,0.4352;0.2328;0.223;0.2223;0.2147;0.195;0.191;0.1875;0.186;0.1828,1;0;0;0;0;0;0;0;0;0
216,what investigations have been made of the wave system created by a static pressure distribution over a liquid surface .,investig made wave system creat static pressur distribut liquid surfac .,,2,0.000,0.000,232,958;407;764;974;1225;175;1288;1269;1220;117,0.2176;0.1928;0.1927;0.1716;0.1707;0.1596;0.1573;0.1517;0.1502;0.142,0;0;0;0;0;0;0;0;0;0
217,has anyone investigated the effect of shock generated vorticity on heat transfer to a blunt body .,ha anyon investig effect shock gener vortic heat transfer blunt bodi .,anyon,16,0.200,0.125,3,323;629;559;655;180;666;1319;324;1274;902,0.3667;0.3059;0.3018;0.2975;0.2899;0.2765;0.2592;0.2479;0.2434;0.2399,0;0;1;0;0;1;0;0;0;0
218,what is the heat transfer to a blunt body in the absence of vorticity .,heat transfer blunt bodi absenc vortic .,,16,0.200,0.125,2,323;559;180;629;655;666;324;902;211;433,0.2633;0.2477;0.2437;0.243;0.2259;0.1967;0.1834;0.1811;0.172;0.1683,0;1;0;0;0;1;0;0;0;0
219,what are the general effects on flow fields when the reynolds number is small .,gener effect flow field reynold number small .,,19,0.200,0.105,3,1222;668;1078;267;1221;775;579;1191;53;1273,0.2426;0.2363;0.2343;0.2113;0.2055;0.2005;0.1957;0.1918;0.1906;0.1884,0;0;1;0;0;0;0;1;0;0
220,find a calculation procedure applicable to all incompressible laminar boundary layer flow problems having good accuracy and reasonable computation time .,find calcul procedur applic incompress laminar boundari layer flow problem good accuraci reason comput time .,,20,0.100,0.050,5,738;4;382;242;292;461;1192;231;491;629,0.2252;0.2057;0.2037;0.1888;0.188;0.1846;0.1774;0.1749;0.1732;0.1721,0;0;0;0;1;0;0;0;0;0
221,papers applicable to this problem (calculation procedures for laminar incompressible flow with arbitrary pressure gradient) .,paper applic thi problem ( calcul procedur laminar incompress flow arbitrari pressur gradient ) .,,19,0.500,0.263,2,3;1366;1225;1386;62;55;435;1182;73;292,0.2591;0.2558;0.232;0.2289;0.2024;0.1999;0.1874;0.1827;0.1775;0.1764,0;1;0;1;1;0;0;1;0;1
222,has anyone investigated the shear buckling of stiffened plates .,ha anyon investig shear buckl stiffen plate .,anyon,10,0.700,0.700,1,1400;1398;1130;419;1399;1358;1357;1397;1396;400,0.5803;0.5311;0.5184;0.4918;0.4353;0.3845;0.3635;0.3582;0.3215;0.3039,1;1;0;1;1;0;0;1;1;1
223,papers on shear buckling of unstiffened rectangular plates under shear .,paper shear buckl unstiffen rectangular plate shear .,,5,0.200,0.400,1,400;393;1398;1399;3;659;418;4;1037;664,0.3528;0.2987;0.2968;0.2751;0.2465;0.2304;0.2286;0.2279;0.223;0.2228,1;0;1;0;0;0;0;0;0;0
224,"in practice, how close to reality are the assumptions that the flow in a hypersonic shock tube using nitrogen is non-viscous and in thermodynamic equilibrium .","practic , close realiti assumpt flow hyperson shock tube use nitrogen non-visc thermodynam equilibrium .",realiti non-visc,9,0.200,0.222,9,1312;1298;236;175;396;1314;110;1139;1286;656,0.2687;0.254;0.2538;0.2347;0.2258;0.2145;0.2032;0.2006;0.1985;0.1967,0;0;0;0;0;0;0;0;1;1
225,what design factors can be used to control lift-drag ratios at mach numbers above 5 .,design factor use control lift-drag ratio mach number abov 5 .,,25,0.300,0.120,1,1188;1380;638;368;1291;1344;225;340;77;9,0.4208;0.3412;0.2362;0.2058;0.2023;0.1646;0.1559;0.1486;0.1413;0.1396,1;1;0;0;0;0;1;0;0;0
